{
  "checkpoint": "/root/autodl-tmp/runs/EXP-0004__breakout__s000__10m-dec__20260720T174600Z/checkpoints/decision_0010000000__complete.pt",
  "checkpoint_finite": true,
  "checkpoint_sha256": "73e3e71f437bf07f59128b712f8a7e294c23052b9d6d5c62cb2478b58d672ef0",
  "completed_agent_decisions": 10000000,
  "completed_games": 60,
  "episode_lengths": [
    7791,
    8113,
    11146,
    6872,
    8520,
    13262,
    8128,
    9838,
    9169,
    12540,
    11085,
    7622,
    9276,
    8567,
    10019,
    7367,
    9341,
    8383,
    14410,
    6119,
    9993,
    32224,
    6416,
    7979,
    5872,
    9614,
    10536,
    8727,
    5200,
    9357,
    9398,
    8781,
    6742,
    8414,
    6060,
    8129,
    8505,
    8268,
    8828,
    7729,
    8055,
    5351,
    8308,
    9743,
    7374,
    12353,
    6023,
    6527,
    9303,
    8283,
    7793,
    7784,
    6938,
    8794,
    9240,
    8275,
    5792,
    5688,
    9942,
    9179
  ],
  "episode_returns": [
    370.0,
    393.0,
    387.0,
    119.0,
    360.0,
    418.0,
    403.0,
    417.0,
    358.0,
    404.0,
    407.0,
    385.0,
    396.0,
    347.0,
    407.0,
    188.0,
    405.0,
    380.0,
    399.0,
    378.0,
    351.0,
    427.0,
    411.0,
    272.0,
    189.0,
    408.0,
    419.0,
    373.0,
    242.0,
    348.0,
    376.0,
    278.0,
    317.0,
    355.0,
    374.0,
    406.0,
    368.0,
    360.0,
    403.0,
    367.0,
    222.0,
    378.0,
    368.0,
    407.0,
    340.0,
    445.0,
    229.0,
    122.0,
    341.0,
    409.0,
    371.0,
    396.0,
    397.0,
    384.0,
    396.0,
    213.0,
    196.0,
    300.0,
    371.0,
    361.0
  ],
  "episode_returns_exact_match": true,
  "eval_agent_decisions_executed": 135000,
  "eval_agent_decisions_requested": 135000,
  "eval_epsilon": 0.05,
  "eval_seed": 10000,
  "eval_wall_seconds": 158.45275588333607,
  "interrupted": false,
  "max_episode_return": 445.0,
  "mean_difference": 0.0,
  "mean_episode_return": 350.18333333333334,
  "median_episode_return": 373.5,
  "min_episode_return": 119.0,
  "nominal_training_emulator_frames": 40000000,
  "original_mean_episode_return": 350.18333333333334,
  "terminated_games": 60,
  "truncated_games": 0,
  "type": "independent_final_checkpoint_evaluation"
}
